Товар,Бренд,Цена,Ссылка
Футболка,Tishka,3 910 тг.7 830 тг.,https://kz.wildberries.ru/catalog/70698301/detail.aspx
Футболка,UZcotton,3 050 тг.5 550 тг.,https://kz.wildberries.ru/catalog/12801489/detail.aspx
Футболка,Фосфор,4 550 тг.12 660 тг.,https://kz.wildberries.ru/catalog/13015441/detail.aspx
Футболка,UZcotton,3 050 тг.5 550 тг.,https://kz.wildberries.ru/catalog/12801485/detail.aspx
Худи,Setner,17 850 тг.31 880 тг.,https://kz.wildberries.ru/catalog/43273866/detail.aspx
Жилет,J.Payer,22 730 тг.55 460 тг.,https://kz.wildberries.ru/catalog/14644284/detail.aspx
Брюки,Зари,6 860 тг.10 730 тг.,https://kz.wildberries.ru/catalog/16107858/detail.aspx
Джинсы,Eremes,13 320 тг.39 200 тг.,https://kz.wildberries.ru/catalog/48655258/detail.aspx
Брюки,Зари,7 760 тг.11 090 тг.,https://kz.wildberries.ru/catalog/13878196/detail.aspx
Худи,ТЕЛОДВИЖЕНИЯ,11 980 тг.23 980 тг.,https://kz.wildberries.ru/catalog/22893732/detail.aspx
Брюки,IMHO,8 350 тг.19 890 тг.,https://kz.wildberries.ru/catalog/36285420/detail.aspx
Футболка,ТВОЕ,3 920 тг.,https://kz.wildberries.ru/catalog/14265537/detail.aspx
Брюки,Зари,6 700 тг.10 470 тг.,https://kz.wildberries.ru/catalog/13269118/detail.aspx
Шорты,IMHO,6 660 тг.19 610 тг.,https://kz.wildberries.ru/catalog/14331482/detail.aspx
Джинсы,KENSPRIT,22 410 тг.,https://kz.wildberries.ru/catalog/24704847/detail.aspx
Жилет,J.Payer,22 730 тг.55 460 тг.,https://kz.wildberries.ru/catalog/18569296/detail.aspx
Футболка,Envy Lab,4 880 тг.8 010 тг.,https://kz.wildberries.ru/catalog/4051518/detail.aspx
Толстовка,STELLA ST,12 010 тг.21 850 тг.,https://kz.wildberries.ru/catalog/32335955/detail.aspx
Футболка,Макс-Экстрим,4 570 тг.9 520 тг.,https://kz.wildberries.ru/catalog/10901745/detail.aspx
Брюки,Зари,6 820 тг.10 180 тг.,https://kz.wildberries.ru/catalog/14315651/detail.aspx
Футболка,Ticle,5 350 тг.13 730 тг.,https://kz.wildberries.ru/catalog/26298238/detail.aspx
Джинсы,Bedew,16 190 тг.55 840 тг.,https://kz.wildberries.ru/catalog/14739120/detail.aspx
Футболка,Макс-Экстрим,4 460 тг.7 560 тг.,https://kz.wildberries.ru/catalog/7250481/detail.aspx
Футболка,Ticle,5 350 тг.13 730 тг.,https://kz.wildberries.ru/catalog/26299102/detail.aspx
Джинсы,KENSPRIT,20 450 тг.,https://kz.wildberries.ru/catalog/13907720/detail.aspx
Брюки,Зари,6 860 тг.10 570 тг.,https://kz.wildberries.ru/catalog/13269117/detail.aspx
Брюки,LAINA,7 110 тг.26 350 тг.,https://kz.wildberries.ru/catalog/3892653/detail.aspx
Футболка,Tishka,5 030 тг.10 070 тг.,https://kz.wildberries.ru/catalog/38986189/detail.aspx
Джинсы,KENSPRIT,22 410 тг.,https://kz.wildberries.ru/catalog/24705791/detail.aspx
Лонгслив,Setner,8 850 тг.14 510 тг.,https://kz.wildberries.ru/catalog/26779195/detail.aspx
Футболка,Tishka,5 030 тг.10 070 тг.,https://kz.wildberries.ru/catalog/42088524/detail.aspx
Джинсы,KENSPRIT,22 410 тг.,https://kz.wildberries.ru/catalog/45027204/detail.aspx
Футболка,Макс-Экстрим,4 460 тг.7 560 тг.,https://kz.wildberries.ru/catalog/10845166/detail.aspx
Брюки,IMHO,8 350 тг.19 890 тг.,https://kz.wildberries.ru/catalog/40109894/detail.aspx
Брюки,LAINA,7 110 тг.26 350 тг.,https://kz.wildberries.ru/catalog/3892654/detail.aspx
Шорты,IMHO,6 660 тг.19 610 тг.,https://kz.wildberries.ru/catalog/14636790/detail.aspx
Футболка,Envy Lab,4 880 тг.8 010 тг.,https://kz.wildberries.ru/catalog/4051515/detail.aspx
Жилет,Modis,9 310 тг.11 650 тг.,https://kz.wildberries.ru/catalog/70335079/detail.aspx
Джинсы,Bedew,15 120 тг.50 410 тг.,https://kz.wildberries.ru/catalog/10014961/detail.aspx
Футболка,RoMaxTex,4 470 тг.11 760 тг.,https://kz.wildberries.ru/catalog/28353845/detail.aspx
Джинсы,KENSPRIT,20 450 тг.,https://kz.wildberries.ru/catalog/13907721/detail.aspx
Джинсы,KENSPRIT,22 410 тг.,https://kz.wildberries.ru/catalog/24706131/detail.aspx
Брюки,Envy Lab,16 750 тг.46 550 тг.,https://kz.wildberries.ru/catalog/4448152/detail.aspx
Брюки,Dar-Diar,6 710 тг.8 400 тг.,https://kz.wildberries.ru/catalog/36569171/detail.aspx
Джинсы,Westrenger,29 540 тг.55 740 тг.,https://kz.wildberries.ru/catalog/10712541/detail.aspx
Брюки,Зари,6 420 тг.10 710 тг.,https://kz.wildberries.ru/catalog/14479095/detail.aspx
Джинсы,KENSPRIT,20 450 тг.,https://kz.wildberries.ru/catalog/13907719/detail.aspx
Футболка,Envy Lab,4 880 тг.8 010 тг.,https://kz.wildberries.ru/catalog/4051517/detail.aspx
Футболка,Макс-Экстрим,4 460 тг.7 560 тг.,https://kz.wildberries.ru/catalog/10845174/detail.aspx
Джинсы,TOM TAILOR,33 270 тг.36 970 тг.,https://kz.wildberries.ru/catalog/6991985/detail.aspx
Худи,LOVALLI,11 200 тг.38 620 тг.,https://kz.wildberries.ru/catalog/21053508/detail.aspx
Худи,Kafitell,22 350 тг.,https://kz.wildberries.ru/catalog/70581754/detail.aspx
Футболка,Макс-Экстрим,5 410 тг.11 760 тг.,https://kz.wildberries.ru/catalog/10382131/detail.aspx
"Куртка Велосипед, самокат, пробежка",M65 STREETWEAR,29 950 тг.49 930 тг.,https://kz.wildberries.ru/catalog/13007009/detail.aspx
Футболка,UZcotton,3 050 тг.5 550 тг.,https://kz.wildberries.ru/catalog/12801488/detail.aspx
Куртка мужская кожаная демисезонная,Mixishop,26 160 тг.96 920 тг.,https://kz.wildberries.ru/catalog/66052224/detail.aspx
Куртка хотьба,ТВОЕ,16 800 тг.,https://kz.wildberries.ru/catalog/67061792/detail.aspx
Футболка,Print Bar,4 600 тг.9 600 тг.,https://kz.wildberries.ru/catalog/8958255/detail.aspx
Футболка,Tishka,5 030 тг.10 070 тг.,https://kz.wildberries.ru/catalog/60363827/detail.aspx
Брюки,Зари,8 090 тг.10 650 тг.,https://kz.wildberries.ru/catalog/16238253/detail.aspx
Брюки,Зари,8 090 тг.10 650 тг.,https://kz.wildberries.ru/catalog/16238252/detail.aspx
Шорты,Макс-Экстрим,7 560 тг.16 810 тг.,https://kz.wildberries.ru/catalog/19885380/detail.aspx
Ветровка,ТВОЕ,19 600 тг.,https://kz.wildberries.ru/catalog/67946927/detail.aspx
Футболка,Пивозавр,3 170 тг.6 340 тг.,https://kz.wildberries.ru/catalog/34275811/detail.aspx
Футболка,UZcotton,3 050 тг.5 550 тг.,https://kz.wildberries.ru/catalog/13212365/detail.aspx
Футболка-поло,Envy Lab,9 460 тг.18 940 тг.,https://kz.wildberries.ru/catalog/6478494/detail.aspx
Футболка,Envy Lab,4 880 тг.8 010 тг.,https://kz.wildberries.ru/catalog/4051516/detail.aspx
Футболка,Setner,7 110 тг.12 270 тг.,https://kz.wildberries.ru/catalog/26779097/detail.aspx
Брюки,Dar-Diar,6 710 тг.8 400 тг.,https://kz.wildberries.ru/catalog/36569172/detail.aspx
Футболка,Макс-Экстрим,5 210 тг.10 640 тг.,https://kz.wildberries.ru/catalog/68899504/detail.aspx
Футболка,RoMaxTex,4 470 тг.11 760 тг.,https://kz.wildberries.ru/catalog/45357798/detail.aspx
Рубашка повседневная приталенная,Frier,13 800 тг.81 230 тг.,https://kz.wildberries.ru/catalog/46038408/detail.aspx
Футболка,STELLA ST,5 040 тг.8 400 тг.,https://kz.wildberries.ru/catalog/48594433/detail.aspx
Футболка,Макс-Экстрим,4 630 тг.10 080 тг.,https://kz.wildberries.ru/catalog/4537426/detail.aspx
Худи,Kafitell,22 350 тг.,https://kz.wildberries.ru/catalog/70644635/detail.aspx
Футболка,Envy Lab,5 100 тг.15 460 тг.,https://kz.wildberries.ru/catalog/3929886/detail.aspx
Лонгслив,Setner,8 700 тг.14 510 тг.,https://kz.wildberries.ru/catalog/33465890/detail.aspx
Футболка,Anime Аниме by CoLepen,6 070 тг.8 680 тг.,https://kz.wildberries.ru/catalog/35115423/detail.aspx
Футболка,Tishka,4 470 тг.8 950 тг.,https://kz.wildberries.ru/catalog/48096372/detail.aspx
Брюки,M65 CASUAL,26 880 тг.62 530 тг.,https://kz.wildberries.ru/catalog/9089196/detail.aspx
Рубашка классическая прямая,BAWER,12 300 тг.27 960 тг.,https://kz.wildberries.ru/catalog/8572149/detail.aspx
Рубашка классическая прямая / классическая не приталенная,BULANTI,23 880 тг.39 160 тг.,https://kz.wildberries.ru/catalog/64194551/detail.aspx
Шорты,Макс-Экстрим,7 560 тг.16 810 тг.,https://kz.wildberries.ru/catalog/21285485/detail.aspx
Джинсы,Westrenger,29 540 тг.55 740 тг.,https://kz.wildberries.ru/catalog/11802925/detail.aspx
Худи,Kafitell,22 350 тг.,https://kz.wildberries.ru/catalog/70644715/detail.aspx
Куртка,SARTORI DODICI,131 590 тг.226 890 тг.,https://kz.wildberries.ru/catalog/61875908/detail.aspx
Куртка,SARTORI DODICI,131 590 тг.226 890 тг.,https://kz.wildberries.ru/catalog/61880281/detail.aspx
Футболка,UZcotton,3 050 тг.5 550 тг.,https://kz.wildberries.ru/catalog/13212352/detail.aspx
Лонгслив,UZcotton,3 230 тг.5 880 тг.,https://kz.wildberries.ru/catalog/13458162/detail.aspx
Рубашка повседневная прямая,GALBIATI,10 600 тг.42 440 тг.,https://kz.wildberries.ru/catalog/9893790/detail.aspx
Футболка,Макс-Экстрим,4 570 тг.9 520 тг.,https://kz.wildberries.ru/catalog/10901746/detail.aspx
Худи,ТВОЕ,11 200 тг.,https://kz.wildberries.ru/catalog/24894911/detail.aspx
Футболка,Макс-Экстрим,4 570 тг.9 520 тг.,https://kz.wildberries.ru/catalog/10901738/detail.aspx
Толстовка,STELLA ST,13 100 тг.21 850 тг.,https://kz.wildberries.ru/catalog/33067686/detail.aspx
Джинсы,KENSPRIT,19 610 тг.,https://kz.wildberries.ru/catalog/23404891/detail.aspx
Футболка,memes by CoLepen,6 860 тг.9 800 тг.,https://kz.wildberries.ru/catalog/49656935/detail.aspx
Рубашка повседневная прямая,ТВОЕ,14 000 тг.,https://kz.wildberries.ru/catalog/70583278/detail.aspx
Рубашка повседневная прямая,BULANTI,29 910 тг.49 860 тг.,https://kz.wildberries.ru/catalog/66904327/detail.aspx
Брюки,Зари,6 570 тг.10 430 тг.,https://kz.wildberries.ru/catalog/12844781/detail.aspx
Футболка,Макс-Экстрим,5 410 тг.11 760 тг.,https://kz.wildberries.ru/catalog/46450980/detail.aspx
