Наименование;Цена;Ссылка
"Телевизор LG 43"" 43UP77006LB LED UHD Smart Grey";194490тг.269990тг.;https://www.technodom.kz/p/televizor-lg-43-43up77006lb-led-uhd-smart-grey-242415
Телевизор AVA 50” UA50H3502 LED UHD Android серый;209990тг.299990тг.;https://www.technodom.kz/p/televizor-ava-50-ua50h3502-led-uhd-android-seryj-254177
"Телевизор LG 65"" 65UP81006LA LED UHD Smart Blue";364990тг.564990тг.;https://www.technodom.kz/p/televizor-lg-65-65up81006la-led-uhd-smart-blue-242442
"Телевизор LG 75"" 75UP77506LA LED UHD Smart Blue";561990тг.849990тг.;https://www.technodom.kz/p/tvm-lg-75-75up77506la-led-uhd-smart-blue-244626
"Телевизор 43"" Samsung UE43T5300AUXCE LED FHD Smart Black";153990тг.194990тг.;https://www.technodom.kz/p/samsung-43-ue43t5300auxce-led-fhd-smart-black-216516
"Телевизор 32"" Samsung UE32T4500AUXCE LED HD Smart Black";144990тг.;https://www.technodom.kz/p/televizor-samsung-32-ue32t4500auxce-black-216693
"Телевизор LG 55"" 55UP76006LC LED UHD Smart Black";256990тг.354990тг.;https://www.technodom.kz/p/tv-lg-55-55up76006lc-led-uhd-smart-black-242429
"Телевизор LG 50"" 50UP76006LC LED UHD Smart Black";230990тг.309990тг.;https://www.technodom.kz/p/tv-lg-50-50up76006lc-led-uhd-smart-black-242421
"Телевизор Samsung 50"" UE50AU7100UXCE LED UHD Smart Titan Gray";196990тг.319990тг.;https://www.technodom.kz/p/televizor-samsung-50-ue50au7100uxce-led-uhd-smart-titan-gray-242364
"Телевизор 40"" TCL 40S65A LED FHD Android Black";149990тг.169990тг.;https://www.technodom.kz/p/televizor-tcl-40-40s65a-black-217485
"Телевизор Samsung 55"" UE55AU8000UXCE LED UHD Smart Black";272990тг.379990тг.;https://www.technodom.kz/p/tv-samsung-55-ue55au8000uxce-led-uhd-smart-black-242372
"Телевизор LG 55"" 55UP81006LA LED UHD Smart Blue";254990тг.399990тг.;https://www.technodom.kz/p/televizor-lg-55-55up81006la-led-uhd-smart-blue-242432
"Телевизор 32"" TCL 32S60A LED HD Android Black";99990тг.119990тг.;https://www.technodom.kz/p/televizor-tcl-32-32s60a-black-217484
"Телевизор Samsung 55"" UE55AU7100UXCE LED UHD Smart Titan Gray";246990тг.349990тг.;https://www.technodom.kz/p/televizor-samsung-55-ue55au7100uxce-led-uhd-smart-titan-gray-242370
Телевизор TCL 43 43P725 LED UHD Android Black;169990тг.189990тг.;https://www.technodom.kz/p/televizor-tcl-43-43p725-led-uhd-android-black-256489
"Телевизор LG 43"" 43UP76006LC LED UHD Smart Black";192990тг.259990тг.;https://www.technodom.kz/p/tv-lg-43-43up76006lc-led-uhd-smart-black-242414
"Телевизор Samsung 50"" UE50AU8000UXCE LED UHD Smart Black";223990тг.349990тг.;https://www.technodom.kz/p/tv-samsung-50-ue50au8000uxce-led-uhd-smart-black-242366
"Телевизор LG 65"" 65UP77006LB LED UHD Smart Grey";373990тг.514990тг.;https://www.technodom.kz/p/televizor-lg-65-65up77006lb-led-uhd-smart-grey-242441
Телевизор AVA 43” UA43H1400 LED FHD Android черный;169990тг.199990тг.;https://www.technodom.kz/p/televizor-ava-43-ua43h1400-led-fhd-android-chernyj-248475
"Телевизор Samsung 65"" UE65AU7100UXCE LED UHD Smart Titan Gray";316990тг.529990тг.;https://www.technodom.kz/p/televizor-samsung-65-ue65au7100uxce-led-uhd-smart-titan-gray-242380
"Телевизор LG 55"" 55NANO766PA NanoCell UHD Smart Blue";319990тг.459990тг.;https://www.technodom.kz/p/televizor-lg-55-55nano766pa-nanocell-uhd-smart-blue-242433
Телевизор AVA 32” UA32H1200 LED HD Android черный;109990тг.139990тг.;https://www.technodom.kz/p/televizor-ava-32-ua32h1200-led-hd-android-chernyj-248485
"Телевизор Samsung 43"" UE43AU7100UXCE LED UHD Smart Titan Gray";196490тг.239990тг.;https://www.technodom.kz/p/televizor-samsung-43-ue43au7100uxce-led-uhd-smart-titan-gray-242358
Телевизор AVA 32” 32AH90G LED HD черный;99990тг.119990тг.;https://www.technodom.kz/p/televizor-ava-32-32ah90g-led-hd-chernyj-254176
"Телевизор LG 32"" 32LM577BPLA LED FHD Smart Black";149990тг.164990тг.;https://www.technodom.kz/p/televizor-lg-32-32lm577bpla-led-fhd-smart-black-242412
"Телевизор LG 65"" 65UP76006LC LED UHD Smart Black";363590тг.494990тг.;https://www.technodom.kz/p/tv-lg-65-65up76006lc-led-uhd-smart-black-244623
"Телевизор Samsung 55"" QE55Q60AAUXCE QLED UHD Smart Black";351990тг.499990тг.;https://www.technodom.kz/p/televizor-samsung-55-qe55q60aauxce-qled-uhd-smart-black-242374
"Телевизор Samsung 50"" UE50AU9000UXCE LED UHD Smart Black";265990тг.379990тг.;https://www.technodom.kz/p/televizor-samsung-50-ue50au9000uxce-led-uhd-smart-black-242367
"Телевизор Samsung 43"" UE43AU9000UXCE LED UHD Smart Black";218990тг.289990тг.;https://www.technodom.kz/p/televizor-samsung-43-ue43au9000uxce-led-uhd-smart-black-242361
"Телевизор LG 50"" 50UP81006LA LED UHD Smart Blue";254990тг.344990тг.;https://www.technodom.kz/p/televizor-lg-50-50up81006la-led-uhd-smart-blue-242424
"Телевизор Samsung 55"" UE55AU9000UXCE LED UHD Smart Black";316990тг.399990тг.;https://www.technodom.kz/p/televizor-samsung-55-ue55au9000uxce-led-uhd-smart-black-242373
"Телевизор Samsung 70"" UE70AU7100UXCE LED UHD Smart Titan Gray";368990тг.629990тг.;https://www.technodom.kz/p/televizor-samsung-70-ue70au7100uxce-led-uhd-smart-titan-gray-242392
"Телевизор Samsung 55"" QE55LS03AAUXCE The Frame QLED UHD Smart Black";366990тг.749990тг.;https://www.technodom.kz/p/televizor-samsung-55-qe55ls03aauxce-black-242379
"Телевизор LG 50"" 50UP77006LB LED UHD Smart Grey";251890тг.319990тг.;https://www.technodom.kz/p/televizor-lg-50-50up77006lb-led-uhd-smart-grey-242422
"Телевизор LG 70"" 70UP77506LA LED UHD Smart Blue";399990тг.619990тг.;https://www.technodom.kz/p/tv-lg-70-70up77506la-led-uhd-smart-blue-244625
"Телевизор Samsung 43"" UE43AU8000UXCE LED UHD Smart Black";219990тг.269990тг.;https://www.technodom.kz/p/tv-samsung-43-ue43au8000uxce-led-uhd-smart-black-242360
"Телевизор Samsung 50"" UE50AU7500UXCE LED UHD Smart Titan Gray";242990тг.329990тг.;https://www.technodom.kz/p/televizor-samsung-50-ue50au7500uxce-led-uhd-smart-242365
"Телевизор Samsung 55"" QE55QN90AAUXCE NeoQLED UHD Smart Titan Black";649990тг.1099990тг.;https://www.technodom.kz/p/televizor-samsung-55-neoqled-uhd-smart-titan-black-242378
"Телевизор Samsung 65"" UE65AU9000UXCE LED UHD Smart Black";384490тг.599990тг.;https://www.technodom.kz/p/televizor-samsung-65-ue65au9000uxce-led-uhd-smart-black-242383
Телевизор KIVI 32'' 32F710KB LED FHD Smart Black;129990тг.;https://www.technodom.kz/p/televizor-kivi-32-32f710kb-led-fhd-smart-black-255055
"Телевизор LG 55"" 55UP78006LC LED UHD Smart Brown";286990тг.389990тг.;https://www.technodom.kz/p/televizor-lg-55-55up78006lc-led-uhd-smart-brown-242431
"Телевизор Samsung 55"" UE55AU7500UXCE LED UHD Smart Titan Gray";281990тг.359990тг.;https://www.technodom.kz/p/televizor-samsung-55-ue55au7500uxce-led-uhd-smart-242371
"Телевизор LG 65"" 65NANO766PA NanoCell UHD Smart Blue";399990тг.609990тг.;https://www.technodom.kz/p/televizor-lg-65-65nano766pa-nanocell-uhd-smart-blue-242443
Телевизор TCL 50 50P725 LED UHD Android Gray;214990тг.239990тг.;https://www.technodom.kz/p/televizor-tcl-50p725-led-uhd-android-black-255661
"Телевизор Samsung 75"" UE75AU8000UXCE LED UHD Smart Black";499990тг.849990тг.;https://www.technodom.kz/p/tv-samsung-75-ue75au8000uxce-led-uhd-smart-black-242395
"Телевизор LG 43"" 43NANO766PA NanoCell UHD Smart Blue";269990тг.334990тг.;https://www.technodom.kz/p/televizor-lg-43-43nano766pa-nanocell-uhd-smart-blue-242419
"Телевизор LG 75"" 75UP81006LA LED UHD Smart Blue";593390тг.919990тг.;https://www.technodom.kz/p/televizor-lg-75-75up81006la-led-uhd-smart-blue-244628
"Телевизор LG 55"" OLED55C1RLA OLED UHD Smart Black";575990тг.859990тг.;https://www.technodom.kz/p/televizor-lg-55-oled55c1rla-oled-uhd-smart-black-242455
"Телевизор Samsung 75"" QE75Q60AAUXCE QLED UHD Smart Black";849990тг.1099990тг.;https://www.technodom.kz/p/televizor-samsung-75-qe75q60aauxce-qled-uhd-smart-black-242397
"Телевизор Samsung 65"" QE65Q60AAUXCE QLED UHD Smart Black";525990тг.679990тг.;https://www.technodom.kz/p/televizor-samsung-65-qe65q60aauxce-qled-uhd-smart-black-242384
"Телевизор Samsung 65"" UE65AU8000UXCE LED UHD Smart Black";369990тг.579990тг.;https://www.technodom.kz/p/tv-samsung-65-ue65au8000uxce-led-uhd-smart-black-242382
"Телевизор LG 55"" OLED55A1RLA OLED UHD Smart Black";519990тг.744990тг.;https://www.technodom.kz/p/televizor-lg-55-oled55a1rla-oled-uhd-smart-black-242453
"Телевизор Samsung 75"" UE75AU7100UXCE LED UHD Smart Titan Gray";443990тг.779990тг.;https://www.technodom.kz/p/televizor-samsung-75-ue75au7100uxce-led-uhd-smart-titan-gray-242393
"Телевизор Samsung 55"" QE55Q80AAUXCE QLED UHD Smart Black";510990тг.749990тг.;https://www.technodom.kz/p/televizor-samsung-55-qe55q80aauxce-qled-uhd-smart-black-242376
"Телевизор Samsung 50"" QE50Q60AAUXCE QLED UHD Smart Black";319990тг.429990тг.;https://www.technodom.kz/p/televizor-samsung-50-qe50q60aauxce-qled-uhd-smart-black-242368
Телевизор TCL 55 55P725 LED UHD Android Gray;244990тг.279990тг.;https://www.technodom.kz/p/televizor-tcl-55-55p725-uhd-smart-gray-253395
"Телевизор Samsung 43"" QE43LS03AAUXCE The Frame QLED UHD Smart Black";369990тг.579990тг.;https://www.technodom.kz/p/televizor-samsung-43-qe43ls03aauxce-black-242362
"Телевизор Samsung 43"" UE43AU7500UXCE LED UHD Smart Titan Gray";228990тг.249990тг.;https://www.technodom.kz/p/televizor-samsung-43-ue43au7500uxce-led-uhd-smart-242359
"Телевизор Samsung 55"" QE55QN85AAUXCE NeoQLED UHD Smart Eclipse Silver";649990тг.999990тг.;https://www.technodom.kz/p/televizor-samsung-55-neoqled-uhd-smart-eclipse-silver-242377
"Телевизор 32"" Xiaomi L32M5-5ARU LED HD Android Black";99990тг.109990тг.;https://www.technodom.kz/p/televizor-xiaomi-32-4a-l32m5-5aru-led-hd-android-black-214409
"Телевизор LG 65"" 65NANO866PA NanoCell UHD Smart Silver";509990тг.779990тг.;https://www.technodom.kz/p/televizor-lg-55-55nano966pa-nanocell-8k-smart-silver-242445
"Телевизор LG 48"" OLED48A1RLA OLED UHD Smart Black";419990тг.629990тг.;https://www.technodom.kz/p/televizor-lg-48-oled48a1rla-oled-uhd-smart-black-246469
"Телевизор Samsung 65"" QE65QN85AAUXCE QLED UHD Smart Titan Black";1099990тг.1299990тг.;https://www.technodom.kz/p/televizor-samsung-65-qe65qn85aauxce-qled-uhd-smart-titan-black-242387
"Телевизор Samsung 65"" QE65Q77AAUXCE QLED UHD Smart Black";649990тг.779990тг.;https://www.technodom.kz/p/televizor-samsung-65-qe65q77aauxce-qled-uhd-smart-black-242385
"Телевизор Samsung 75"" QE75QN900AUXCE QLED 8K Smart Stainless Steel";3499990тг.3899990тг.;https://www.technodom.kz/p/televizor-samsung-75-qe75qn900a-qled-8k-smart-stainless-steel-242403
"Телевизор LG 55"" 55NANO806PA NanoCell UHD Smart Grey";379990тг.549990тг.;https://www.technodom.kz/p/televizor-lg-55-55nano806pa-nanocell-uhd-smart-grey-242435
"Телевизор LG 50"" 50NANO766PA NanoCell UHD Smart Blue";249990тг.379990тг.;https://www.technodom.kz/p/televizor-lg-50-50nano766pa-nanocell-uhd-smart-blue-242425
"Телевизор LG 55"" 55UP77006LB LED UHD Smart Grey";275990тг.379990тг.;https://www.technodom.kz/p/televizor-lg-55-55up77006lb-led-uhd-smart-grey-242430
"Телевизор Samsung 65"" QE65LS03AAUXCE The Frame QLED UHD Smart Black";849990тг.1099990тг.;https://www.technodom.kz/p/televizor-samsung-65-qe65ls03aauxce-black-242391
"Телевизор Samsung 65"" QE65QN800AUXCE QLED 8K Smart Stainless Steel";1499990тг.2099990тг.;https://www.technodom.kz/p/televizor-samsung-65-qe65qn800a-qled-8k-smart-stainless-steel-242389
"Телевизор Samsung 75"" QE75QN85AAUXCE QLED UHD Smart Eclipse Silver";1699990тг.1799990тг.;https://www.technodom.kz/p/televizor-samsung-qe75qn85aauxce-qled-uhd-smart-eclipse-silver-242400
"Телевизор LG 75"" 75NANO766PA NanoCell UHD Smart Blue";629990тг.974990тг.;https://www.technodom.kz/p/televizor-lg-75-75nano766pa-nanocell-uhd-smart-blue-244629
"Телевизор Samsung 85"" QE85Q77AAUXCE QLED UHD Smart Black";1449990тг.1749990тг.;https://www.technodom.kz/p/televizor-samsung-85-qe85q77aauxce-qled-uhd-smart-black-242408
"Телевизор LG 43"" 43UP81006LA LED UHD Smart Blue";208990тг.299990тг.;https://www.technodom.kz/p/televizor-lg-43-43up81006la-led-uhd-smart-blue-242418
"Телевизор Samsung 85"" QE85QN85AAUXCE QLED UHD Smart Eclipse Silver";1799990тг.2499990тг.;https://www.technodom.kz/p/televizor-samsung-qe85qn85aauxce-qled-uhd-smart-eclipse-silver-242409
"Телевизор Sony 65"" KD65X81JR LED UHD Smart Black";599990тг.699990тг.;https://www.technodom.kz/p/televizor-sony-65-kd65x81jr-led-uhd-smart-black-245992
"Телевизор Samsung 55"" QE55Q77AAUXCE QLED UHD Smart Black";499990тг.549990тг.;https://www.technodom.kz/p/televizor-samsung-55-qe55q77aauxce-qled-uhd-smart-black-242375
"Телевизор Samsung 85"" UE85AU7100UXCE LED UHD Smart Titan Gray";672990тг.1449990тг.;https://www.technodom.kz/p/televizor-samsung-85-ue85au7100uxce-led-uhd-smart-titan-gray-242405
"Телевизор Samsung 85"" UE85AU8000UXCE LED UHD Smart Black";885990тг.1549990тг.;https://www.technodom.kz/p/tv-samsung-85-ue85au8000uxce-led-uhd-smart-black-242406
"Телевизор Samsung 75"" QE75QN90AAUXCE QLED UHD Smart Titan Black";2099990тг.;https://www.technodom.kz/p/televizor-samsung-qe75qn90aauxce-qled-uhd-smart-titan-black-242401
"Телевизор Samsung 50"" QE50QN90AAUXCE Neo QLED Smart BLACK";629990тг.799990тг.;https://www.technodom.kz/p/televizor-samsung-50-qe50qn90aauxce-neo-qled-smart-black-247952
"Телевизор Samsung 65"" QE65QN900AUXCE QLED 8K Smart Stainless Steel";2499990тг.2799990тг.;https://www.technodom.kz/p/televizor-samsung-65-qe65qn900a-qled-8k-smart-stainless-steel-242390
"Телевизор Samsung 65"" QE65Q80AAUXCE QLED UHD Smart Black";949990тг.1099990тг.;https://www.technodom.kz/p/televizor-samsung-65-qe65q80aauxce-qled-uhd-smart-black-242386
"Телевизор Samsung 85"" QE85QN800AUXCE QLED 8K Smart Stainless Steel";3699990тг.3999990тг.;https://www.technodom.kz/p/televizor-samsung-85-qe85qn800a-qled-8k-smart-stainless-steel-242410
"Телевизор Samsung 75"" QE75LS03AAUXCE The Frame QLED UHD Smart Black";1249990тг.1399990тг.;https://www.technodom.kz/p/televizor-samsung-75-qe75ls03aauxce-black-242404
"Телевизор LG 65"" OLED65A1RLA OLED UHD Smart Black";792490тг.1264990тг.;https://www.technodom.kz/p/televizor-lg-65-oled65a1rla-oled-uhd-smart-black-242456
"Телевизор LG 75"" 75NANO806PA NanoCell UHD Smart Grey";849990тг.1034990тг.;https://www.technodom.kz/p/televizor-lg-75-75nano806pa-nanocell-uhd-smart-grey-244630
"Телевизор Sony 50"" KD50X81JR LED UHD Smart Black";449990тг.499990тг.;https://www.technodom.kz/p/televizor-sony-50-kd50x81jr-led-uhd-smart-black-245988
"Телевизор Samsung 65"" UE65AU7500UXCE LED UHD Smart Titan Gray";348990тг.539990тг.;https://www.technodom.kz/p/televizor-samsung-65-ue65au7500uxce-led-uhd-smart-242381
"Телевизор LG 65"" OLED65B1RLA OLED UHD Smart Black";1099990тг.1379990тг.;https://www.technodom.kz/p/televizor-lg-65-oled65b1rla-oled-uhd-smart-black-242457
"Телевизор LG 55"" 55NANO866PA NanoCell UHD Smart Silver";442990тг.609990тг.;https://www.technodom.kz/p/televizor-lg-55-55nano866pa-nanocell-uhd-smart-silver-242436
"Телевизор LG 60"" 60UP77506LA LED UHD Smart Blue";324990тг.424990тг.;https://www.technodom.kz/p/tv-lg-60-60up77506la-led-uhd-smart-blue-242439
"Телевизор LG 43"" 43UP78006LC LED UHD Smart Brown";210490тг.274990тг.;https://www.technodom.kz/p/televizor-lg-43-43up78006lc-led-uhd-smart-brown-242416
"Телевизор Xiaomi MI TV 4S 55"" L55M5-5ARU LED UHD Smart";249990тг.269990тг.;https://www.technodom.kz/p/televizor-xiaomi-mi-tv-4s-55-l55m5-5aru-led-hd-smart-216231
"Телевизор Sony 75"" KD75X85TJCEP LED UHD Smart Black";899990тг.1049990тг.;https://www.technodom.kz/p/televizor-sony-75-kd75x85tjcep-led-uhd-smart-black-245994
"Телевизор LG 50"" 50NANO776PA NanoCell UHD Smart Misty Grey";339990тг.379990тг.;https://www.technodom.kz/p/televizor-lg-50-50nano776pa-nanocell-uhd-smart-misty-grey-242426
Телевизор TCL 43 43S65A LED UHD Android Black;154990тг.204990тг.;https://www.technodom.kz/p/televizor-tcl-43-43s65a-led-uhd-android-black-259344
"Телевизор LG 86"" 86UP81006LA LED UHD Smart Blue";891490тг.1434990тг.;https://www.technodom.kz/p/televizor-lg-86-86up81006la-led-uhd-smart-blue-242450
"Телевизор LG 75"" 75UP78006LC LED UHD Smart Brown";537990тг.874990тг.;https://www.technodom.kz/p/televizor-lg-75-75up78006lc-led-uhd-smart-brown-244627
"Телевизор LG 55"" OLED55B1RLA OLED UHD Smart Black";729990тг.804990тг.;https://www.technodom.kz/p/televizor-lg-55-oled55b1rla-oled-uhd-smart-black-242454
"Телевизор Samsung 75"" UE75AU7500UXCE LED UHD Smart Titan Gray";629990тг.799990тг.;https://www.technodom.kz/p/televizor-samsung-75-ue75au7500uxce-led-uhd-smart-242394
"Телевизор LG 50"" 50NANO806PA NanoCell UHD Smart Grey";321990тг.484990тг.;https://www.technodom.kz/p/televizor-lg-50-50nano806pa-nanocell-uhd-smart-grey-242427
"Телевизор LG 50"" 50NANO866PA NanoCell UHD Smart Silver";354990тг.514990тг.;https://www.technodom.kz/p/televizor-lg-50-50nano866pa-nanocell-uhd-smart-silver-242428
"Телевизор Samsung 75"" QE75Q80AAUXCE QLED UHD Smart Black";999990тг.1399990тг.;https://www.technodom.kz/p/televizor-samsung-75-qe75q80aauxce-qled-uhd-smart-black-242399
"Телевизор LG 65"" 65NANO806PA NanoCell UHD Smart Grey";555790тг.724990тг.;https://www.technodom.kz/p/televizor-lg-65-65nano806pa-nanocell-uhd-smart-grey-242444
"Телевизор Samsung 43"" QE43Q60AAUXCE QLED UHD Smart Black";309990тг.349990тг.;https://www.technodom.kz/p/televizor-samsung-43-qe43q60aauxce-qled-uhd-smart-black-242363
"Телевизор Samsung 85"" QE85Q60AAUXCE QLED UHD Smart Black";1349990тг.1649990тг.;https://www.technodom.kz/p/televizor-samsung-85-qe85q60aauxce-qled-uhd-smart-black-242407
"Телевизор Sony 65"" XR65X95JCEP LED UHD Smart Black";1249990тг.;https://www.technodom.kz/p/televizor-sony-65-xr65x95jcep-led-uhd-smart-black-246000
"Телевизор LG 48"" OLED48C1RLA OLED UHD Smart Black";609990тг.744990тг.;https://www.technodom.kz/p/televizor-lg-48-oled48c1rla-oled-uhd-smart-black-242452
"Телевизор Samsung 85"" QE85QN90AAUXCE Neo QLED Smart BLACK";2799990тг.;https://www.technodom.kz/p/televizor-samsung-85-qe85qn90aauxce-neo-qled-smart-black-245256
"Телевизор Samsung 75"" QE75QN800AUXCE QLED 8K Smart Stainless Steel";1622990тг.2899990тг.;https://www.technodom.kz/p/televizor-samsung-75-qe75qn800a-qled-8k-smart-stainless-steel-242402
"Телевизор Samsung 65"" QE65QN90AAUXCE QLED UHD Smart Titan Black";1199990тг.1399990тг.;https://www.technodom.kz/p/televizor-samsung-65-qe65qn90aauxce-qled-uhd-smart-titan-black-242388
"Телевизор Samsung 75"" QE75Q77AAUXCE QLED UHD Smart Black";1049990тг.1249990тг.;https://www.technodom.kz/p/televizor-samsung-75-qe75q77aauxce-qled-uhd-smart-black-242398
"Телевизор LG 82"" 82UP81006LA LED UHD Smart Blue";699990тг.1379990тг.;https://www.technodom.kz/p/televizor-lg-82-82up81006la-led-uhd-smart-blue-244632
"Телевизор Samsung 50"" QE50LS03AAUXCE The Frame QLED UHD Smart Black";372990тг.679990тг.;https://www.technodom.kz/p/televizor-samsung-50-qe50ls03aauxce-black-242369
"Телевизор Sony 55"" KD55X81JR LED UHD Smart Black";499990тг.549990тг.;https://www.technodom.kz/p/televizor-sony-55-kd55x81jr-led-uhd-smart-black-245990
"Телевизор Sony 65"" KD65X85TJCEP LED UHD Smart Black";699990тг.829990тг.;https://www.technodom.kz/p/televizor-sony-65-kd65x85tjcep-led-uhd-smart-black-245993
"Телевизор LG 43"" 43LM5772PLA LED FHD Smart Black";214990тг.;https://www.technodom.kz/p/televizor-lg-43-43lm5772pla-led-fhd-smart-black-242413
"Телевизор Sony 55"" KD55X85TJR LED UHD Smart Black";529990тг.629990тг.;https://www.technodom.kz/p/televizor-sony-55-kd55x85tjr-led-uhd-smart-black-245991
"Телевизор Samsung 65"" UE65TU7090UXCE UHD Smart Black";399990тг.454990тг.;https://www.technodom.kz/p/televizor-samsung-65-ue65tu7090uxce-uhd-smart-black-245340
"Телевизор LG 43"" 43UP76906LE LED UHD Smart White";234990тг.269990тг.;https://www.technodom.kz/p/tv-lg-43-43up76906le-led-uhd-smart-white-242417
"Телевизор 43"" Samsung QE43LS01TAUXRU The Serif QLED UHD Smart Black";399990тг.599990тг.;https://www.technodom.kz/p/samsung-43-qe43ls01tauxru-the-serif-qled-uhd-smart-black-217109
"Телевизор Philips 50"" 50PUS7956/60 LED UHD Smart";269990тг.299990тг.;https://www.technodom.kz/p/televizor-philips-50-50pus795660-led-uhd-smart-252873
"Телевизор Samsung 75"" UE75AU9000UXCE LED UHD Smart Black";749990тг.899990тг.;https://www.technodom.kz/p/televizor-samsung-75-ue75au9000uxce-led-uhd-smart-black-242396
"Телевизор Sony 43"" KD43X81JR LED UHD Smart Black";399990тг.429990тг.;https://www.technodom.kz/p/televizor-sony-43-kd43x81jr-led-uhd-smart-black-245986
"Телевизор Skyworth 32"" 32E30 HD Black";64990тг.74990тг.;https://www.technodom.kz/p/televizor-skyworth-32-32e30-hd-black-244412
"Телевизор LG 50"" 50UP78006LC LED UHD Smart Brown";252990тг.334990тг.;https://www.technodom.kz/p/televizor-lg-50-50up78006lc-led-uhd-smart-brown-242423
"Телевизор Philips 43"" 43PUS7956/60 LED UHD Smart";229990тг.244990тг.;https://www.technodom.kz/p/televizor-philips-43-43pus795660-led-uhd-smart-252872
"Телевизор LG 65"" 65UP78006LC LED UHD Smart Brown";369990тг.529990тг.;https://www.technodom.kz/p/televizor-lg-65-65up78006lc-led-uhd-smart-brown-244624
"Телевизор Philips 43"" 43PUS7406/60 LED UHD Smart";199990тг.214990тг.;https://www.technodom.kz/p/televizor-philips-43-43pus740660-led-uhd-smart-252871
"Телевизор Sony 75"" KD75X81JCEP LED UHD Smart Black";849990тг.947990тг.;https://www.technodom.kz/p/televizor-sony-75-kd75x81jcep-led-uhd-smart-black-243022
"Телевизор Philips 55"" 55PUS7956/60 LED UHD Smart";319990тг.349990тг.;https://www.technodom.kz/p/televizor-philips-55-55pus795660-led-uhd-smart-252875
"Телевизор Philips 70"" 70PUS7956/60 LED UHD Smart";449990тг.529990тг.;https://www.technodom.kz/p/televizor-philips-70-70pus795660-led-uhd-smart-252878
"Телевизор Philips 50"" 50PUS8506/60 LED UHD Smart";349990тг.369990тг.;https://www.technodom.kz/p/televizor-philips-50-50pus850660-led-uhd-smart-252874
"Телевизор Philips 65"" 65PUS8506/60 LED UHD Smart";479990тг.569990тг.;https://www.technodom.kz/p/televizor-philips-65-65pus850660-led-uhd-smart-252879
"Телевизор LG 55"" 55NANO776PA NanoCell UHD Smart Misty Grey";409990тг.459990тг.;https://www.technodom.kz/p/televizor-lg-55-55nano776pa-nanocell-uhd-smart-misty-grey-242434
"Телевизор Sony 65"" XR65X90JCEP LED UHD Smart Black";849990тг.999990тг.;https://www.technodom.kz/p/televizor-sony-65-xr65x90jcep-led-uhd-smart-black-244854
"Телевизор LG 43"" 43NANO756QA NanoCell UHD Smart Blue";304990тг.;https://www.technodom.kz/p/televizor-lg-43-43nano756qa-nanocell-uhd-smart-blue-260131
"Телевизор LG 86"" 86NANO926PB NanoCell UHD Smart Silver";1499990тг.2759990тг.;https://www.technodom.kz/p/televizor-lg-86-86nano926pb-nanocell-uhd-smart-silver-244633
"Телевизор LG 50"" 50QNED816QA QNED UHD Smart Titan";509990тг.;https://www.technodom.kz/p/televizor-lg-50-50qned816qa-qned-uhd-smart-titan-260141
"Телевизор LG 32"" 32LQ630B6LA LED FHD Smart Black";164990тг.;https://www.technodom.kz/p/televizor-lg-32-32lq630b6la-led-fhd-smart-black-260124
"Телевизор LG 65"" 65QNED916PA QNED UHD Smart Silver";899990тг.1724990тг.;https://www.technodom.kz/p/tv-lg-65-65qned916pb-qned-uhd-smart-silver-242448
"Телевизор LG 50"" 50NANO806QA NanoCell UHD Smart Blue";449990тг.;https://www.technodom.kz/p/televizor-lg-50-50nano806qa-nanocell-uhd-smart-blue-260140
"Телевизор Philips 70"" 70PUS8506/60 LED UHD Smart";499990тг.589990тг.;https://www.technodom.kz/p/televizor-philips-70-70pus850660-led-uhd-smart-252881
"Телевизор Philips 75"" 75PUS8506/12 LED UHD Smart";699990тг.829990тг.;https://www.technodom.kz/p/televizor-philips-75-75pus850612-led-uhd-smart-252882
"Телевизор LG 70"" 70UQ80006LB LED UHD Smart Gray";649990тг.;https://www.technodom.kz/p/televizor-lg-70-70uq80006lb-led-uhd-smart-gray-260163
"Телевизор Philips 58"" 58PUS8506/60 LED UHD Smart";379990тг.429990тг.;https://www.technodom.kz/p/televizor-philips-58-58pus850660-led-uhd-smart-252877
"Телевизор 43"" Samsung QE43LS05TAUXCE The Sero QLED UHD Smart Black";599990тг.649990тг.;https://www.technodom.kz/p/televizor-samsung-qe43ls05tauxce-the-sero-qled-uhd-black-219060
"Телевизор Sony 65"" XR65A80JCEP OLED UHD Smart Black";1399990тг.1799990тг.;https://www.technodom.kz/p/televizor-sony-65-xr65a80jcep-oled-uhd-smart-black-245999
"Телевизор LG 55"" 55NANO926PB NanoCell UHD Smart Silver";539990тг.744990тг.;https://www.technodom.kz/p/televizor-lg-55-55nano926pb-nanocell-uhd-smart-silver-242437
"Телевизор Sony 55"" XR55A80JCEP OLED UHD Smart Black";949990тг.1199990тг.;https://www.technodom.kz/p/televizor-sony-55-xr55a80jcep-oled-uhd-smart-black-245996
"Телевизор Samsung 85"" QE85QN900AUXCE QLED 8K Smart Stainless Steel";5499990тг.;https://www.technodom.kz/p/televizor-samsung-85-qe85qn900-qled-8k-smart-stainless-steel-242411
"Телевизор LG 43"" 43NANO769QA NanoCell UHD Smart Blue";309990тг.;https://www.technodom.kz/p/televizor-lg-43-43nano769qa-nanocell-uhd-smart-blue-260132
"Телевизор Sony 85"" KD85X85TJCEP LED UHD Smart Black";1399990тг.1649990тг.;https://www.technodom.kz/p/televizor-sony-85-kd85x85tjcep-led-uhd-smart-black-245995
"Телевизор LG 75"" 75NANO756QA NanoCell UHD Smart Blue";929990тг.;https://www.technodom.kz/p/televizor-lg-75-75nano756qa-nanocell-uhd-smart-blue-260167
"Телевизор LG 77"" OLED77C1RLA OLED UHD Smart Black";2299990тг.2874990тг.;https://www.technodom.kz/p/televizor-lg-77-oled77c1rla-oled-uhd-smart-black-242460
"Телевизор LG 75"" 75NANO926PB NanoCell UHD Smart Silver";1049990тг.1609990тг.;https://www.technodom.kz/p/televizor-lg-75-75nano926pb-nanocell-uhd-smart-silver-242449
"Телевизор LG 75"" 75QNED996PB QNED 8K Smart Silver";1549990тг.3219990тг.;https://www.technodom.kz/p/tv-lg-75-75qned996pb-qned-8k-smart-silver-244631
"Телевизор Sony 55"" XR55X90JR LED UHD Smart Black";599990тг.729990тг.;https://www.technodom.kz/p/televizor-sony-55-xr55x90jr-led-uhd-smart-black-245998
"Телевизор Sony 77"" XR77A80JCEP OLED UHD Smart Black";2199990тг.2699990тг.;https://www.technodom.kz/p/televizor-sony-77-xr77a80jcep-oled-uhd-smart-black-246003
"Телевизор Samsung 32""QE32LS03TBKXCE QLED Smart BLACK";249990тг.299990тг.;https://www.technodom.kz/p/televizor-samsung-32qe32ls03tbkxce-qled-smart-black-251350
"Телевизор 55"" Samsung QE55LS01TAUXRU The Serif QLED UHD Smart Black";499990тг.799990тг.;https://www.technodom.kz/p/samsung-55qe55ls01tauxru-the-serif-qled-uhd-smart-black-217113
"Телевизор LG 43"" 43NANO776PA NanoCell UHD Smart Misty Grey";269990тг.334990тг.;https://www.technodom.kz/p/televizor-lg-43-43nano776pa-nanocell-uhd-smart-misty-grey-242420
"Телевизор Sony 55"" XR55A90JCEP OLED UHD Smart Black";1299990тг.1599990тг.;https://www.technodom.kz/p/televizor-sony-55-xr55a90jcep-oled-uhd-smart-black-245997
"Телевизор Sony 75"" XR75X90JCEP LED UHD Smart Black";999990тг.1249990тг.;https://www.technodom.kz/p/televizor-sony-75-xr75x90jcep-led-uhd-smart-black-246001
"Телевизор Sony 75"" XR75X95JCEP LED UHD Smart Black";1399990тг.1599990тг.;https://www.technodom.kz/p/televizor-sony-75-xr75x95jcep-led-uhd-smart-black-246002
"Телевизор Sony 85"" XR85X95JCEP LED UHD Smart Black";2299990тг.2699990тг.;https://www.technodom.kz/p/televizor-sony-85-xr85x95jcep-led-uhd-smart-black-246004
"Телевизор LG 65"" 65NANO926PB NanoCell UHD Smart Silver";749990тг.1089990тг.;https://www.technodom.kz/p/televizor-lg-65-65nano926pb-nanocell-uhd-smart-silver-242446
"Телевизор Sony 65"" XR65A90JCEP OLED UHD Smart Black";1549990тг.1999990тг.;https://www.technodom.kz/p/televizor-sony-65-xr65a90jcep-oled-uhd-smart-black-245321
"Телевизор Sony 75"" XR75Z9JCEP LED 8K Smart Black";3999990тг.4999990тг.;https://www.technodom.kz/p/televizor-sony-75-xr75z9jcep-led-8k-smart-black-247864
"Телевизор LG 83"" OLED83C1RLA OLED UHD Smart Black";3999990тг.4599990тг.;https://www.technodom.kz/p/televizor-lg-83-oled83c1rla-oled-uhd-smart-black-246470
"Телевизор Samsung 32""QE32LS03TBKXRU QLED Smart BLACK";249990тг.299990тг.;https://www.technodom.kz/p/televizor-samsung-32qe32ls03tbkxru-qled-smart-black-247059
"Телевизор Xiaomi MI TV Max 98"" L98M6-RK UHD Android";1999990тг.4499990тг.;https://www.technodom.kz/p/televizor-xiaomi-mi-tv-max-98-l98m6-rk-uhd-android-247861
"Телевизор B&O 48"" BeoVision Horizon, kit";1299990тг.2249990тг.;https://www.technodom.kz/p/televizor-bo-beovision-horizon-kit-108101
Телевизор B&O 65'' BeoVision Eclipse OLED Forged Iron, kit;3499990тг.5649990тг.;https://www.technodom.kz/p/televizor-bo-beovision-eclipse-oled-forged-iron-kit-114723
"Телевизор B&O 65"" BeoVision Eclipse OLED Piano Black, kit (Floor stand)";3999990тг.6193990тг.;https://www.technodom.kz/p/televizor-bo-beovision-eclipse-oled-piano-black-kit-148469
"Телевизор B&O 55"" BeoVision Eclipse OLED Black, kit (Manual wall bracket)";2599990тг.4163990тг.;https://www.technodom.kz/p/televizor-bo-beovision-eclipse-oled-black-kit-166250
"Телевизор B&O 48"" BeoVision Horizon, kit (Weel stand)";1299990тг.2249990тг.;https://www.technodom.kz/p/televizor-b-o-48-beovision-horizon-kit-weel-stand-166251
"Телевизор B&O 55"" BeoVision Eclipse OLED,Piano Black,walnut cover,kit (Wall bracket manual)";2699990тг.4312990тг.;https://www.technodom.kz/p/televizor-bo-55-beovision-eclipse-oledpiano-blackwalnut-coverkit-wall-bracket-manual-214839
"Телевизор B&O 48"" BeoVision Horizon, kit (R/L turn)";1299990тг.2249990тг.;https://www.technodom.kz/p/televizor-b-o-48-beovision-horizon-kit-r-l-turn-232446
"Телевизор B&O 65"" BeoVision Harmony OLED, wood cover, kit (Wall bracket)";4099990тг.7999991тг.;https://www.technodom.kz/p/televizor-bo-65-beovision-harmony-oled-wood-cover-kit-wall-bracket-232702
"Телевизор B&O 48"" BeoVision Contour Black Anthracite Aluminium, kit (Floor stand)";2499990тг.3499990тг.;https://www.technodom.kz/p/televizor-bo-48-beovision-contour-black-anth-alum-kit-floor-stand-246901
"Телевизор Xiaomi MI TV OLED Transparent  55"" L55M6-TM FHD Android";999990тг.9999990тг.;https://www.technodom.kz/p/televizor-xiaomi-mi-tv-oled-transparent-55-l55m6-tm-fhd-android-247860
"Телевизор Sony 85"" XR85Z9JCEP LED 8K Smart Black";5499990тг.6999990тг.;https://www.technodom.kz/p/televizor-sony-85-xr85z9jcep-led-8k-smart-black-247865
"Телевизор B&O 40"" BeoVision Horizon, Kit";999990тг.1574990тг.;https://www.technodom.kz/p/televizor-bo-beovision-horizon-kit-68386
"Телевизор B&O 65"" BeoVision Eclipse OLED Piano Black, kit (Wall bracket)";3999990тг.6193990тг.;https://www.technodom.kz/p/televizor-bo-beovision-eclipse-oled-piano-black-kit-148470
